{
    "model_name": "Random Forest",
    "weighted_f1": 0.872542304783513,
    "accuracy": 0.8775,
    "classification_report": {
        "Low": {
            "precision": 0.7413793103448276,
            "recall": 0.6615384615384615,
            "f1-score": 0.6991869918699187,
            "support": 65.0
        },
        "Medium": {
            "precision": 0.9030303030303031,
            "recall": 0.946031746031746,
            "f1-score": 0.924031007751938,
            "support": 315.0
        },
        "High": {
            "precision": 0.8333333333333334,
            "recall": 0.5,
            "f1-score": 0.625,
            "support": 20.0
        },
        "accuracy": 0.8775,
        "macro avg": {
            "precision": 0.825914315569488,
            "recall": 0.7025234025234025,
            "f1-score": 0.7494059998739523,
            "support": 400.0
        },
        "weighted avg": {
            "precision": 0.8732771682340649,
            "recall": 0.8775,
            "f1-score": 0.872542304783513,
            "support": 400.0
        }
    },
    "confusion_matrix": [
        [
            43,
            22,
            0
        ],
        [
            15,
            298,
            2
        ],
        [
            0,
            10,
            10
        ]
    ],
    "feature_importances": {
        "Air_Pollution": 0.17549734289897695,
        "Alcohol_Use": 0.12529775679910282,
        "Smoking": 0.1120873775043508,
        "Diet_Salted_Processed": 0.10982837161992749,
        "Diet_Red_Meat": 0.08017889084017087,
        "Occupational_Hazards": 0.07874625200911588,
        "Obesity": 0.0648547813067398,
        "Fruit_Veg_Intake": 0.03181036701674864,
        "Physical_Activity": 0.028211404601613893,
        "BMI": 0.022997683130139054,
        "Calcium_Intake": 0.022987584253468044,
        "Age": 0.022268714532198648,
        "Cancer_Type_Lung": 0.02123678542639676,
        "Physical_Activity_Level": 0.020324549972810104,
        "Cancer_Type_Prostate": 0.01637974663906699,
        "Family_History": 0.013149843397157966,
        "Gender": 0.01232557786523493,
        "Cancer_Type_Colon": 0.012089548510919094,
        "H_Pylori_Infection": 0.010924261421953019,
        "Cancer_Type_Skin": 0.00940097105325689,
        "Cancer_Type_Breast": 0.006846520011456301,
        "BRCA_Mutation": 0.0025556691891948815
    }
}