{
    "model_name": "Random Forest",
    "weighted_f1": 0.8770395308288732,
    "accuracy": 0.8825,
    "classification_report": {
        "Low": {
            "precision": 0.7678571428571429,
            "recall": 0.6615384615384615,
            "f1-score": 0.7107438016528925,
            "support": 65.0
        },
        "Medium": {
            "precision": 0.9036144578313253,
            "recall": 0.9523809523809523,
            "f1-score": 0.9273570324574961,
            "support": 315.0
        },
        "High": {
            "precision": 0.8333333333333334,
            "recall": 0.5,
            "f1-score": 0.625,
            "support": 20.0
        },
        "accuracy": 0.8825,
        "macro avg": {
            "precision": 0.8349349780072672,
            "recall": 0.7046398046398047,
            "f1-score": 0.7543669447034628,
            "support": 400.0
        },
        "weighted avg": {
            "precision": 0.8780398379231211,
            "recall": 0.8825,
            "f1-score": 0.8770395308288732,
            "support": 400.0
        }
    },
    "confusion_matrix": [
        [
            43,
            22,
            0
        ],
        [
            13,
            300,
            2
        ],
        [
            0,
            10,
            10
        ]
    ],
    "feature_importances": {
        "Air_Pollution": 0.1713984680386237,
        "Alcohol_Use": 0.12706237570506343,
        "Diet_Salted_Processed": 0.11502605261265611,
        "Smoking": 0.111914605267612,
        "Occupational_Hazards": 0.08024842179342973,
        "Diet_Red_Meat": 0.0797705311832479,
        "Obesity": 0.0629243736955495,
        "Fruit_Veg_Intake": 0.03103729103095146,
        "Physical_Activity": 0.029252188564722368,
        "Calcium_Intake": 0.022502637850257655,
        "Cancer_Type_Lung": 0.021966488051178956,
        "Age": 0.021541972401888414,
        "BMI": 0.021359059417372254,
        "Physical_Activity_Level": 0.020140722951240052,
        "Cancer_Type_Prostate": 0.017156665428006923,
        "Gender": 0.013523746215759256,
        "Family_History": 0.013247766695790983,
        "Cancer_Type_Colon": 0.011273977736355122,
        "H_Pylori_Infection": 0.009521126212359501,
        "Cancer_Type_Skin": 0.009125908060724304,
        "Cancer_Type_Breast": 0.00840857570148409,
        "BRCA_Mutation": 0.0015970453857264391
    }
}