{
    "model_name": "Random Forest",
    "weighted_f1": 0.8720339875044187,
    "accuracy": 0.8725,
    "classification_report": {
        "Low": {
            "precision": 0.6911764705882353,
            "recall": 0.7230769230769231,
            "f1-score": 0.706766917293233,
            "support": 65.0
        },
        "Medium": {
            "precision": 0.9177215189873418,
            "recall": 0.9206349206349206,
            "f1-score": 0.919175911251981,
            "support": 315.0
        },
        "High": {
            "precision": 0.75,
            "recall": 0.6,
            "f1-score": 0.6666666666666666,
            "support": 20.0
        },
        "accuracy": 0.8725,
        "macro avg": {
            "precision": 0.7862993298585256,
            "recall": 0.7479039479039479,
            "f1-score": 0.7642031650706268,
            "support": 400.0
        },
        "weighted avg": {
            "precision": 0.87252187267312,
            "recall": 0.8725,
            "f1-score": 0.8720339875044187,
            "support": 400.0
        }
    },
    "confusion_matrix": [
        [
            47,
            18,
            0
        ],
        [
            21,
            290,
            4
        ],
        [
            0,
            8,
            12
        ]
    ],
    "feature_importances": {
        "Air_Pollution": 0.1836782738652091,
        "Alcohol_Use": 0.12741241767377148,
        "Smoking": 0.1187036143433436,
        "Diet_Salted_Processed": 0.11835147165493048,
        "Diet_Red_Meat": 0.08084511713658112,
        "Occupational_Hazards": 0.08049227646176098,
        "Obesity": 0.061522534382013,
        "Fruit_Veg_Intake": 0.02950159117658587,
        "Physical_Activity": 0.02449728463001311,
        "Cancer_Type_Lung": 0.02066696699684819,
        "Calcium_Intake": 0.019669012865700046,
        "Cancer_Type_Prostate": 0.01921237273227147,
        "Age": 0.018733413262703762,
        "BMI": 0.018044274425560575,
        "Physical_Activity_Level": 0.016506029909444574,
        "Family_History": 0.01185466416369858,
        "Cancer_Type_Colon": 0.011734718620448907,
        "Gender": 0.0107782699389968,
        "H_Pylori_Infection": 0.009751602995502626,
        "Cancer_Type_Skin": 0.008828567975876812,
        "Cancer_Type_Breast": 0.0073509835983833595,
        "BRCA_Mutation": 0.0018645411903555037
    }
}