{
    "model_name": "Random Forest",
    "weighted_f1": 0.8747849661830804,
    "accuracy": 0.88,
    "classification_report": {
        "Low": {
            "precision": 0.7678571428571429,
            "recall": 0.6615384615384615,
            "f1-score": 0.7107438016528925,
            "support": 65.0
        },
        "Medium": {
            "precision": 0.9033232628398792,
            "recall": 0.9492063492063492,
            "f1-score": 0.9256965944272446,
            "support": 315.0
        },
        "High": {
            "precision": 0.7692307692307693,
            "recall": 0.5,
            "f1-score": 0.6060606060606061,
            "support": 20.0
        },
        "accuracy": 0.88,
        "macro avg": {
            "precision": 0.8134703916425972,
            "recall": 0.7035816035816036,
            "f1-score": 0.7475003340469143,
            "support": 400.0
        },
        "weighted avg": {
            "precision": 0.8746053936622289,
            "recall": 0.88,
            "f1-score": 0.8747849661830804,
            "support": 400.0
        }
    },
    "confusion_matrix": [
        [
            43,
            22,
            0
        ],
        [
            13,
            299,
            3
        ],
        [
            0,
            10,
            10
        ]
    ],
    "feature_importances": {
        "Air_Pollution": 0.16547093817072558,
        "Alcohol_Use": 0.12162590008495647,
        "Diet_Salted_Processed": 0.11073742124298111,
        "Smoking": 0.10707175274866315,
        "Diet_Red_Meat": 0.07964794183968764,
        "Occupational_Hazards": 0.07937675829634105,
        "Obesity": 0.06497244327223572,
        "Fruit_Veg_Intake": 0.03390419921058192,
        "Physical_Activity": 0.03126859915730998,
        "BMI": 0.026546223536535542,
        "Age": 0.02620956017824025,
        "Calcium_Intake": 0.024756679390365466,
        "Physical_Activity_Level": 0.02359085290763677,
        "Cancer_Type_Lung": 0.019433871568235377,
        "Cancer_Type_Prostate": 0.01625819087588909,
        "Family_History": 0.013615725570376212,
        "Gender": 0.01249421421121313,
        "Cancer_Type_Colon": 0.01160919039128045,
        "H_Pylori_Infection": 0.010318886307695044,
        "Cancer_Type_Skin": 0.010183107592281176,
        "Cancer_Type_Breast": 0.008396573708320525,
        "BRCA_Mutation": 0.00251096973844841
    }
}