{
    "model_name": "Random Forest",
    "weighted_f1": 0.872542304783513,
    "accuracy": 0.8775,
    "classification_report": {
        "Low": {
            "precision": 0.7413793103448276,
            "recall": 0.6615384615384615,
            "f1-score": 0.6991869918699187,
            "support": 65.0
        },
        "Medium": {
            "precision": 0.9030303030303031,
            "recall": 0.946031746031746,
            "f1-score": 0.924031007751938,
            "support": 315.0
        },
        "High": {
            "precision": 0.8333333333333334,
            "recall": 0.5,
            "f1-score": 0.625,
            "support": 20.0
        },
        "accuracy": 0.8775,
        "macro avg": {
            "precision": 0.825914315569488,
            "recall": 0.7025234025234025,
            "f1-score": 0.7494059998739523,
            "support": 400.0
        },
        "weighted avg": {
            "precision": 0.8732771682340649,
            "recall": 0.8775,
            "f1-score": 0.872542304783513,
            "support": 400.0
        }
    },
    "confusion_matrix": [
        [
            43,
            22,
            0
        ],
        [
            15,
            298,
            2
        ],
        [
            0,
            10,
            10
        ]
    ],
    "feature_importances": {
        "Air_Pollution": 0.17466155931684302,
        "Alcohol_Use": 0.12229969840109493,
        "Diet_Salted_Processed": 0.12042087985012392,
        "Smoking": 0.11375661625044466,
        "Diet_Red_Meat": 0.08143958236699125,
        "Occupational_Hazards": 0.07938027027894977,
        "Obesity": 0.06440204608466388,
        "Fruit_Veg_Intake": 0.031744470904128595,
        "Physical_Activity": 0.027757682150758297,
        "BMI": 0.02193991547655125,
        "Calcium_Intake": 0.02165898719800625,
        "Age": 0.021536314011376827,
        "Cancer_Type_Lung": 0.0200771022424943,
        "Physical_Activity_Level": 0.019641009681873798,
        "Cancer_Type_Prostate": 0.015535437116303463,
        "Family_History": 0.013861509694694421,
        "Gender": 0.011594581958858775,
        "Cancer_Type_Colon": 0.010722635920634827,
        "H_Pylori_Infection": 0.00969257952511163,
        "Cancer_Type_Skin": 0.00785424005036272,
        "Cancer_Type_Breast": 0.007669209177384239,
        "BRCA_Mutation": 0.002353672342349258
    }
}